Attempt,City,N1,Latitude,N2,Longtitude,N3,Format
1,PleasantonCA,0,10.5593 N,0,72.6358 E,0,Decimal Degrees
1,Chicago,0,40.6342 N,0,74.5005 W,0,Decimal Degrees
1,Bloomington,0,64.9631 N,0,19.0208 W,0,64.9631 N 19.0208 W
1,Chicago IL,0,Longitude: 1221'E.,0,Latitude: 4530'N.,0,decimal degrees
1,Clarkston MI,0,-83.510391,0,35.7143,0,Signed Degrees
1,Milton Ontario,0,84 00' W,0,10 00' N,0,DMS
1,Pune,0,115 10' 22.1268'' W,0,36 6' 52.7292'' N,0,Degrees Minutes and Seconds
1,Bloomington,0,39.0742,0,21.8243,0,Degree
2,Rochester,0,10.8505 N,0,76.2711 E,0,Degress only format
1,Rochester NY,0,76.2711 E,0,10.8505 N,0,Degrees only format
1,Sumqayit,0,28 58' 42.0924'' E,0,41 0' 29.6568'' N,0,DMS (degrees minutes seconds)
1,Rosemount,0,74.3407,0,31.5451,0,decimal format
1,Indianapolis IN,0,115.0920 E,0,8.3405 S,0,degrees
2,Bloomington,0,45.4408 N,0,12.3155 E,0,Decimal Degrees
2,Bloomington,0,2.3522 E,0,48.8566 N,0,Decimal Degree Coordinates
1,Columbus IN,0,76.9725,0,11.018333,0,World Geodetic System
1,Bloomington,0,3.2028 N,0,73.2207 E,0,Decimal Degress
1,Bloomington,0,8.2275 E,0,52.5200 N,0,Decimal Degrees
1,Bloomington,0,17500'E,0,1800'S,0,Degrees/minutes/seconds
1,Bloomington,0,10.7522 E,0,59.9139 N,0,Decimal Degrees
1,Bloomington,0,46.8182 N,0,8.2275 E,0,Degree
1,Bloomington,0,74.0059 W,0,40.7128 N,0,degree
1,Columbus Ohio USA,0,74.0059 W,0,40.7128 N,0,Degrees
1,Chicago,0,25.0343 N,0,77.3963 W,0,decimal degrees
1,Bloomington,0,48.8566 N,0,2.3522 E,0,Co-ordinates
3,bloomington,0,75.6107 E,0,42.93708 N,0,degree
2,Bloomington,0,75.6107 E,0,42.93708 N,0,degree
1,Bloomington,0,80.2098 E,0,13.7424 N,0,degrees minutes seconds
1,bloomington,0,77.5946 E,0,12.9716 N,0,degrees minutes seconds
1,Bloomington,0,174.8860 E,0,40.9006 S,0,Degrees only format
2,Bloomington,0,155.5828 W,0,19.8968 N,0,DMS
1,Bloomington,0,155.5828 W,0,19.8968 N,0,DMS
1,bloomington,0,_-0.076132,0,_51.508530,0,decimal format
1,Bloomington,0,34.6037 S,0,58.3816 W,0,Coordinates
1,Orlando Florida,0,8.2275 E,0,46.8182 N,0,WGS84 decimal degrees
1,Lexington KY,0,84.5037 W,0,38.0406 N,0,decimal degrees
1,Columbus IN,0,76.9725,0,11.018333,0,WGS84
1,Pune city India,0,7 26' E,0,46 56' N,0,DDD MM.MMM'
2,Bloomington,0,longtitude :0220'E,0,latitude:4850'N,0,degrees decimal minutes:
1,Bloomington IN USA,0,122.9574 W,0,50.1163 N,0,decimal degrees
2,Pune,0,_0 7' 5.1312'' W,0,_51 30' 35.5140'' N,0,degree/minute/second (DMS) format
1,Pune,0,_0 7' 5.1312'' W,0,_51 30' 35.5140'' N,0,degree/minute/second (DMS) format
1,Dallas Texas USA,0,-80.19179,0,25.76168,0,degrees
1,Bloomington IN,0,133.775136,0,-25.274398,0,map coordinate
1,Bloomington,0,6 8' 35.3688'' E,0,46 12' 15.8076'' N,0,DMS
1,Louisville Ky,0,86.4958,0,30.3935,0,Degrees
1,Bloomington,0,439'W,0,2255',0,Degree Minutes format
1,Austin TX,0,E8.5417,0,N47.3769,0,DDD + Compass
3,Northbrook,0,18N,0,-63E,0,Degrees
1,Cary NC,0,14 18' 20.0628'' E,0,40 51' 11.8584'' N,0,Degrees Minutes Seconds
2,Morrisville,0,47.36667,0,8.55,0,Decimal
1,Morrisville,0,-78.8255621,0,35.823483,0,Decimal
1,BloomingtonIndiana.,0,12 19' 42.4668'' E,0,45 26' 41.8488'' N,0,DMS
1,Bloomington,0,37.3891 N,0,5.9845 W,0,Map coordinates
1,Springville Indiana,0,19.3133,0,81.2546,0,degrees
2,collierville,0,,0,,0,
1,collierville tn usa,0,-86.495781,0,30.393534,0,decimal
2,Mountain View CA,0,48.8584 N,0,2.2945 E,0,Decimal Degrees
1,Sunnyvale CA,0,48.8584 N,0,2.2945 E,0,decimal degrees
1,Mahwah NJ,0,34.052235,0,-118.243683,0,decimal degrees
1,Sunnyvale California,0,34.0837 N,0,74.7973 E,0,DMS + compass direction formats
4,Springfield MA,0,63.6515 N,0,148.8162 W,0,decimal degrees plus compass direction (N/S/E/W)
3,Springfield,0,63.6515 N,0,148.8162 W,0,decimal degrees plus compass direction (N/S/E/W)
2,Springfield MA,0,63.6515 N,0,148.8162 W,0,decimal degrees plus compass direction (N/S/E/W)
1,Pune,0,51 30' 30.70'' N,0,0 4' 34.07'' W,0,Degrees minutes seconds format and compass direction
2,PHOENIX,0,12 19' 36 E,0,45 26' 19 N,0,DDD MM SS
1,Phoenix Arizona,0,12.3266667,0,45.4386111,0,DDD.DDDDD
1,Columbus Indiana,0,15601'10.7W,0,1947'06.6N,0,Degrees minutes and seconds (DMS)
1,Beavercreek OH,0,-159.496765,0,22.108543,0,Signed degrees format
1,Aurora,0,77.8939 W,0,18.4762 N,0,Degrees only format
1,Malaysia (GMT +8),0,102.2 E while taking this course,0,2.1 N while taking this course,0,Decimal degrees
1,Salem MA USA,0,-67.250015,0,18.340216,0,Signed degrees format (DDD.dddd)
1,Indianapolis IN,0,110.16 W,0,44.26 N,0,degrees
1,Bloomington IN,0,86.8515 W,0,21.1619 N,0,Geographic coordinate
1,,0,,0,,0,
1,Bloomington Indiana,0,80.1300 W,0,25.7907 N,0,Coordinates
1,Bloomington,0,45.4408 N,0,12.3155 E,0,Decimal Degrees
2,32.9689 -96.7991,0,-83.772781,0,9.766884,0,DDD MM SS
1,Dallas,0,83.7534 W,0,9.7489 N,0,Degrees only format
2,41 53' 31.50'' N87 37' 42.00'' W,0,12 18' 55.85'' E,0,45 26' 27.05'' N,0,DMS
1,Springfield IL,0,35.6895 N,0,139.6917 E,0,degrees
1,Chicago,0,73 58 W,0,40 47 N,0,Degrees minutes format
1,Chicago IL,0,12.3155 E,0,45.4408 N,0,Degree
1,Saint Louis MO,0,-81.779987,0,24.555059,0,decimal degrees
1,Villa Allende C_rdoba Argentina,0,80 11' 30.4368'' W,0,25 45' 42.0516'' N,0,DMS Lat & Long
1,Cardiff Wales,0,27.3342,0,68.3344,0,decimal degrees
1,Los Angeles,0,12.3266667,0,45.4386111,0,decimal degrees
2,Nagpur,0,8 00' E,0,47 00' N,0,Degrees minutes
1,Nagpur Maharshtra India,0,8 00' E,0,47 00' N,0,Degrees minutes
2,Northbrook IL,0,18 N,0,-63 E,0,Degrees
3,Indianapolis IN USA,0,20.7984 N,0,156.3319W,0,decimal degrees
1,Surrey BC Canada,0,2.3488000,0,48.8534100,0,decimal degrees
3,Pune,0,73.8667,0,18.5333,0,decimal degrees
1,Raleigh North Carolina US,0,0 7' W,0,51 30' N,0,Degrees and Minutes
2,Mumbai,0,115.197704,0,-8.406793,0,Decimal Degrees
1,Nagpur,0,115.0920 E,0,8.3405 S,0,DEcimal Degrees
1,Phoenix AZ,0,11.2558 E,0,43.7696 N,0,decimal degrees
1,Santiago Chile,0,30.0444,0,31.2357,0,degrees
1,Bloomington,0,12140E,0,45270N,0,Normal
1,Amsterdam,0,Longitude of Marmaris: 28.270878,0,Latitude of Marmaris: 36.854936,0,Signed degrees format (DDD.dddd)
2,Richfield,0,80 00' E,0,27 40' N,0,Degrees minutes formats
1,Minneapolis,0,27 40' N,0,27 40' N,0,Degrees minutes formats
1,Chandler,0,-115.172813,0,36.114647,0,ISO2 format
1,Northbrook IL,0,18.0708 N,0,63.0501 W,0,Degrees and Decimal Minutes
1,Milford DE,0,174.022385,0,-39.063127,0,decimal (dd.dddddd)
1,New York City,0,-90.0715,0,29.9511,0,Signed degrees format (DDD.dddd)
1,Seattle WA,0,122.4194 W,0,37.7749 N,0,Decimal Degrees
1,ColumbusIN,0,8.2275 E,0,46.8182 N,0,Decimal degrees
1,Indianapolis,0,-109.91674,0,22.89053,0,Decimal degrees
1,Amman Jordan,0,109.3496 W,0,27.1130 S,0,decimal degrees
1,Bloomington,0,34.9011 S,0,56.1645 W,0,decimal degrees
1,Springfield MA,0,63.6515 N,0,148.8162 W,0,decimal degrees plus compass direction (N/S/E/W)
1,Jersey City NJ USA,0,-157.8583 W,0,21.3069 N,0,Common geocoding format
2,Indianapolis Indiana USA,0,20.7984 N,0,156.3319 W,0,decimal degrees
1,New York City,0,35 41' N,0,139 41' E,0,Degrees minutes format
2,Columbus IN,0,2 20' 56.4504'' E,0,48 51' 52.9776'' N,0,Degrees minutes seconds
1,Columbus,0,2.3522 E,0,48.8566 N,0,degree only format
1,MahwahNJ,0,28.5383 N,0,81.3792 W,0,Degree only format
1,Bloomington,0,-86.47738,0,39.16166209,0,Signed degrees format (DDD.dddd)
1,Mountain ViewCalifornia,0,76.5221531,0,9.5915668,0,Degrees only format
2,Columbus,0,79.088155,0,21.1458,0,Signed degrees format (DDD.dddd)
1,ColumbusIndiana,0,79.088155,0,21.1458,0,Signed degrees format (DDD.dddd)
1,Indianapolis IN USA,0,20.7984 N,0,156.3319 W,0,decimal degrees
2,Baltimore,0,44.59656 N,0,-110.5472 E,0,Decimal
1,Baltimore MD,0,-110.5867,0,44.422573,0,Decimal
2,LAUREL,0,39 55 N,0,116 25E,0,DMS
1,Laurel MD,0,39 55 N,0,116 25 E,0,Degrees minutes formats (DDD MM + compass direction)
1,Fort Wayne,0,151.2093,0,33.8688,0,Degrees
1,Portland Oregon,0,-43.2,0,-22.9,0,Decimal degrees